15885 ,15959 ,15291 ,373160 ,15588 
15514 ,17221 ,15514 ,1149545 ,16850 
16628 ,17073 ,16479 ,340680 ,16702 
16702 ,17147 ,16479 ,475860 ,17073 
16999 ,17444 ,16405 ,487295 ,16924 
16850 ,17815 ,16628 ,701305 ,17518 
17518 ,17593 ,16924 ,430860 ,17221 
17370 ,17444 ,16479 ,355430 ,16776 
16553 ,17221 ,16553 ,319160 ,16776 
16924 ,16999 ,15959 ,464100 ,16628 
16479 ,16479 ,15366 ,605975 ,15663 
15588 ,15663 ,15366 ,297070 ,15588 
15737 ,16405 ,15737 ,506750 ,16182 
16034 ,16256 ,15588 ,342930 ,15663 
15588 ,15663 ,15366 ,275450 ,15588 
15514 ,15514 ,14920 ,362610 ,15440 
15366 ,15440 ,15143 ,314945 ,15143 
15069 ,16034 ,15069 ,486230 ,15514 
15663 ,15959 ,15514 ,264760 ,15737 
15737 ,15737 ,15737 ,0 ,15737 
15811 ,15811 ,15217 ,141610 ,15291 
15440 ,17296 ,15217 ,1125855 ,17073 
17073 ,18632 ,16924 ,2056405 ,17741 
18186 ,18186 ,16850 ,688650 ,17073 
16479 ,17073 ,16182 ,650900 ,16924 
16924 ,17073 ,15811 ,576540 ,16108 
16256 ,16999 ,15885 ,1226970 ,16331 
16479 ,16924 ,16034 ,557855 ,16776 
16999 ,17073 ,16553 ,327295 ,16628 
16999 ,16999 ,16553 ,237090 ,16776 
16702 ,17518 ,16628 ,396975 ,17370 
17444 ,17815 ,17073 ,482850 ,17370 
17073 ,18186 ,16999 ,726160 ,17815 
18261 ,18261 ,17593 ,323225 ,17741 
17741 ,17815 ,17073 ,267625 ,17296 
17147 ,18112 ,17147 ,376025 ,17889 
18038 ,18335 ,17815 ,539070 ,18261 
18483 ,18706 ,18261 ,579480 ,18557 
18335 ,18706 ,18261 ,321785 ,18557 
18483 ,18557 ,18261 ,207165 ,18335 
18483 ,18483 ,17815 ,192210 ,18261 
18409 ,18929 ,18261 ,441505 ,18706 
18706 ,19745 ,18632 ,642040 ,19374 
19597 ,20042 ,19077 ,482925 ,19671 
19671 ,19968 ,19448 ,354090 ,19894 
19597 ,20042 ,19374 ,215655 ,19894 
19894 ,20636 ,19819 ,356615 ,20265 
19968 ,20191 ,19374 ,333580 ,19745 
19745 ,19968 ,19300 ,258245 ,19448 
19448 ,19597 ,18929 ,328410 ,19374 
19151 ,20487 ,19003 ,574445 ,20339 
20487 ,21230 ,20339 ,640720 ,20933 
21007 ,21378 ,20710 ,416650 ,20859 
20859 ,21156 ,20339 ,446415 ,20413 
20265 ,20562 ,19077 ,957085 ,19968 
19819 ,20710 ,19597 ,337100 ,20487 
20636 ,20933 ,20339 ,191870 ,20710 
20710 ,21081 ,20265 ,247105 ,20562 
20636 ,20933 ,20413 ,223260 ,20784 
20636 ,20859 ,20562 ,212975 ,20562 
20636 ,21007 ,20413 ,341325 ,21007 
21007 ,21007 ,20191 ,392940 ,20636 
20636 ,20636 ,20042 ,282335 ,20265 
20413 ,20710 ,20339 ,241125 ,20487 
20562 ,20636 ,20116 ,192865 ,20191 
20116 ,20339 ,19597 ,345290 ,19894 
20265 ,20265 ,19819 ,181335 ,19894 
20562 ,22343 ,20562 ,1832990 ,22121 
21972 ,22195 ,21601 ,408875 ,21972 
21824 ,22343 ,21601 ,347595 ,22195 
22195 ,22195 ,21749 ,181930 ,22046 
21898 ,22121 ,21378 ,192840 ,22046 
21749 ,22046 ,21452 ,148860 ,21749 
21972 ,22640 ,21972 ,430965 ,22269 
22417 ,22566 ,22121 ,122855 ,22269 
22417 ,22937 ,22269 ,373750 ,22789 
22789 ,22789 ,21824 ,300150 ,21972 
22046 ,22714 ,21898 ,221090 ,22566 
22269 ,22269 ,21601 ,208710 ,22046 
22121 ,22343 ,21675 ,126695 ,22046 
22195 ,22343 ,21749 ,166015 ,21898 
21675 ,21898 ,21378 ,119790 ,21749 
21675 ,21898 ,21304 ,198945 ,21749 
21898 ,22417 ,21527 ,238865 ,22121 
22343 ,23308 ,22269 ,748225 ,22863 
23160 ,23308 ,22937 ,292120 ,23160 
23234 ,23679 ,23086 ,289935 ,23457 
23531 ,23531 ,22937 ,167865 ,23308 
23457 ,23754 ,23234 ,243170 ,23754 
23382 ,24199 ,23382 ,462945 ,24051 
24051 ,24051 ,23531 ,267255 ,23531 
23531 ,23976 ,23382 ,146440 ,23605 
23605 ,23754 ,23086 ,195340 ,23457 
23457 ,24347 ,23457 ,387270 ,24051 
24347 ,24644 ,24125 ,289140 ,24570 
24719 ,24941 ,24570 ,452430 ,24793 
24793 ,24793 ,24199 ,166190 ,24793 
25016 ,25758 ,24793 ,473670 ,25387 
25387 ,25832 ,25164 ,286535 ,25387 
25387 ,25980 ,25238 ,412970 ,25684 
25906 ,26277 ,25758 ,313540 ,26129 
26352 ,27020 ,25832 ,601760 ,25980 
25535 ,26129 ,25312 ,228385 ,25832 
26129 ,26129 ,24496 ,601510 ,24644 
24867 ,25312 ,24719 ,527860 ,25238 
25535 ,25906 ,25015 ,233065 ,25461 
25015 ,25684 ,24867 ,280610 ,25238 
25164 ,25609 ,24793 ,194570 ,25461 
25461 ,25980 ,25090 ,196225 ,25609 
25906 ,25980 ,25461 ,136200 ,25684 
25758 ,25906 ,24867 ,205230 ,25164 
25015 ,25164 ,24422 ,211085 ,24941 
28492 ,29098 ,28319 ,211660 ,28838 
28838 ,29445 ,28579 ,253295 ,28665 
28665 ,28665 ,27539 ,336880 ,28059 
27713 ,29185 ,27539 ,452850 ,28579 
28752 ,29358 ,28492 ,422840 ,29358 
29358 ,29445 ,28838 ,205215 ,29185 
28665 ,29098 ,28319 ,335590 ,29012 
29012 ,29012 ,27972 ,215550 ,28492 
28492 ,29098 ,28492 ,186465 ,28752 
28838 ,29185 ,28405 ,91795 ,28492 
28319 ,28752 ,28059 ,198605 ,28405 
28492 ,29185 ,28492 ,311255 ,28838 
28492 ,28665 ,27799 ,210455 ,27886 
27972 ,27972 ,26673 ,480530 ,27106 
27193 ,27886 ,27020 ,340325 ,27713 
27626 ,28319 ,27193 ,205620 ,27713 
28232 ,28579 ,27886 ,197340 ,28146 
28146 ,28579 ,27972 ,120575 ,28405 
28146 ,28405 ,27453 ,123455 ,27799 
27799 ,28405 ,27626 ,198565 ,27713 
27972 ,30051 ,27886 ,556060 ,29531 
29791 ,30051 ,29012 ,240480 ,29445 
29531 ,29531 ,27366 ,577335 ,27626 
27626 ,27713 ,26413 ,314340 ,26760 
26240 ,26760 ,25547 ,449320 ,26760 
27193 ,27193 ,26240 ,222145 ,26760 
27106 ,27106 ,25894 ,375015 ,26067 
25288 ,25547 ,24248 ,514125 ,25201 
24941 ,26327 ,24422 ,641915 ,24768 
25288 ,25894 ,24681 ,379210 ,25288 
25461 ,25634 ,24855 ,447940 ,25288 
25114 ,26327 ,25114 ,486255 ,25807 
26154 ,26673 ,25721 ,246605 ,25894 
25807 ,26673 ,25807 ,167680 ,26413 
26587 ,26847 ,26413 ,313695 ,26847 
26760 ,27020 ,26413 ,124260 ,26847 
26760 ,26847 ,25807 ,239360 ,26067 
25894 ,26587 ,25894 ,241190 ,26500 
26760 ,26847 ,26154 ,137525 ,26760 
26673 ,26933 ,25461 ,461960 ,25980 
26240 ,26673 ,25807 ,399680 ,26327 
26240 ,26413 ,25547 ,213960 ,26067 
26067 ,26067 ,24941 ,520510 ,25461 
25201 ,25461 ,24422 ,933285 ,24595 
24335 ,25634 ,23815 ,934420 ,25374 
26067 ,26067 ,25288 ,346070 ,25894 
25980 ,26673 ,25721 ,367645 ,26500 
26500 ,26673 ,26067 ,212235 ,26413 
26413 ,26500 ,25721 ,231200 ,26154 
26154 ,26240 ,25634 ,218050 ,26067 
25807 ,25980 ,25634 ,240885 ,25807 
25807 ,26240 ,25547 ,273710 ,26067 
26154 ,26587 ,25894 ,237580 ,26587 
26587 ,28232 ,26240 ,665475 ,27453 
27626 ,28492 ,27280 ,438360 ,28232 
28492 ,28752 ,28232 ,355210 ,28405 
28319 ,28665 ,27972 ,230435 ,28405 
28492 ,28838 ,27972 ,274365 ,28405 
28405 ,28405 ,27366 ,446020 ,27886 
27886 ,27886 ,27193 ,267755 ,27626 
27626 ,27713 ,27193 ,301225 ,27626 
27626 ,27626 ,26760 ,330180 ,27106 
27193 ,27193 ,26760 ,219680 ,27106 
27280 ,27280 ,26760 ,153570 ,26933 
26933 ,27713 ,26847 ,246775 ,27453 
27539 ,28492 ,27453 ,362510 ,28319 
28405 ,28492 ,27886 ,257000 ,28232 
28146 ,29012 ,27886 ,403040 ,28752 
28925 ,29791 ,28838 ,659000 ,29358 
29358 ,29531 ,29012 ,233005 ,29271 
29445 ,30224 ,29098 ,443855 ,30137 
30224 ,30311 ,29358 ,305915 ,29618 
29618 ,30224 ,29531 ,240425 ,29964 
30224 ,30744 ,30137 ,349220 ,30657 
30744 ,31003 ,30311 ,304690 ,30570 
30051 ,30657 ,29878 ,367355 ,30224 
29964 ,31003 ,29878 ,257835 ,30830 
30744 ,30917 ,30311 ,272480 ,30830 
30830 ,31090 ,30484 ,249055 ,30917 
30917 ,31090 ,30224 ,288240 ,30917 
30744 ,31523 ,30484 ,375995 ,31523 
31523 ,32649 ,31003 ,524825 ,32649 
32735 ,33082 ,32129 ,408960 ,32909 
32909 ,33255 ,31783 ,423975 ,32909 
32822 ,32909 ,31523 ,305480 ,31956 
32043 ,33255 ,32043 ,422075 ,32649 
32389 ,33168 ,32389 ,266010 ,33168 
33255 ,33601 ,32649 ,236265 ,33428 
33428 ,34034 ,33168 ,272290 ,33255 
33688 ,34121 ,33255 ,297915 ,34121 
34208 ,34294 ,33082 ,325980 ,33255 
33255 ,34208 ,33255 ,261005 ,33255 
33688 ,34381 ,33255 ,298280 ,34034 
33688 ,34467 ,33428 ,242185 ,34381 
33948 ,34641 ,33861 ,220945 ,34121 
35507 ,37065 ,35074 ,882655 ,35247 
35593 ,37758 ,35247 ,742765 ,37065 
37758 ,38711 ,35420 ,882540 ,36719 
37585 ,39490 ,37325 ,854380 ,38624 
38971 ,39317 ,38018 ,443070 ,39144 
38451 ,38624 ,37239 ,577595 ,38191 
37758 ,38798 ,37672 ,359590 ,38451 
38538 ,38971 ,37845 ,183900 ,38798 
38711 ,38798 ,36892 ,616700 ,37239 
37325 ,38798 ,37325 ,422915 ,38711 
38711 ,39577 ,38624 ,329190 ,39490 
39231 ,39837 ,38711 ,434880 ,39837 
39837 ,40876 ,38971 ,1467320 ,39577 
39057 ,39750 ,38451 ,399440 ,39404 
39404 ,39404 ,38538 ,174965 ,39231 
39231 ,40530 ,39057 ,373465 ,40097 
40097 ,42348 ,40097 ,663590 ,41396 
41655 ,41742 ,39750 ,376705 ,40703 
40963 ,41482 ,38711 ,431080 ,39577 
39577 ,40270 ,38018 ,330145 ,39490 
39490 ,39750 ,38365 ,343350 ,38451 
38711 ,39144 ,38451 ,243590 ,38624 
38624 ,38624 ,37672 ,424425 ,37758 
37845 ,38365 ,35853 ,873220 ,37758 
37585 ,38451 ,35593 ,724895 ,36286 
35593 ,37412 ,35247 ,414545 ,36719 
36979 ,38278 ,36806 ,441915 ,37845 
38018 ,38365 ,37239 ,369360 ,37672 
37672 ,38018 ,37152 ,468870 ,37152 
37152 ,37239 ,35940 ,587665 ,36546 
36546 ,36546 ,35853 ,569275 ,36113 
35940 ,36632 ,35940 ,483825 ,36632 
36632 ,38191 ,36459 ,528725 ,38105 
37932 ,38018 ,37672 ,331405 ,37845 
38538 ,40356 ,38018 ,514880 ,39923 
40356 ,41309 ,40097 ,518820 ,41309 
41482 ,42262 ,40270 ,414380 ,40356 
39923 ,40097 ,39144 ,292335 ,39231 
39317 ,39404 ,38191 ,371135 ,38624 
38191 ,38798 ,37585 ,262805 ,38105 
38105 ,38451 ,37239 ,264605 ,37585 
37758 ,38105 ,37412 ,188985 ,37845 
38018 ,38365 ,37845 ,177660 ,38191 
38278 ,38884 ,37412 ,245280 ,38451 
38451 ,39577 ,38365 ,264040 ,38971 
38451 ,38711 ,37932 ,536595 ,38105 
37932 ,41569 ,36373 ,850215 ,40963 
41569 ,45639 ,41222 ,1320520 ,44946 
45119 ,45293 ,44167 ,392745 ,45033 
45552 ,45639 ,43820 ,392600 ,45033 
45033 ,45033 ,43734 ,219195 ,43907 
43214 ,43820 ,42608 ,393475 ,43128 
43301 ,43994 ,43128 ,273430 ,43387 
43994 ,45293 ,42781 ,414300 ,42954 
42954 ,44167 ,42608 ,144880 ,42954 
43128 ,44340 ,42608 ,171760 ,43474 
43474 ,43907 ,42695 ,126155 ,43561 
43907 ,44340 ,43041 ,185105 ,44340 
44340 ,44340 ,43387 ,150730 ,44253 
44253 ,44773 ,43214 ,186820 ,43214 
43474 ,44600 ,43041 ,195930 ,44167 
44686 ,47284 ,44167 ,775630 ,46938 
47284 ,47284 ,44600 ,364985 ,44860 
44513 ,46245 ,44080 ,184120 ,44253 
44600 ,45466 ,43907 ,190985 ,44860 
45033 ,45206 ,43994 ,146110 ,44167 
44600 ,45726 ,43994 ,188990 ,45466 
44946 ,45466 ,44686 ,108615 ,44860 
44860 ,44860 ,44080 ,84090 ,44167 
44167 ,45899 ,43907 ,237865 ,45206 
45639 ,45639 ,44513 ,149395 ,45293 
45899 ,46245 ,44860 ,126480 ,45985 
46072 ,46592 ,45379 ,203010 ,45812 
45899 ,48151 ,45899 ,322215 ,47198 
46678 ,47284 ,46678 ,192655 ,47198 
46938 ,47198 ,46332 ,196710 ,46592 
46678 ,47025 ,45293 ,246665 ,46245 
46245 ,46245 ,44427 ,231495 ,44427 
43734 ,44946 ,43301 ,200670 ,43301 
43734 ,46418 ,43734 ,320555 ,44860 
43907 ,46505 ,43907 ,233530 ,46505 
45985 ,46765 ,44773 ,237985 ,45812 
45293 ,45726 ,44686 ,148290 ,45033 
45466 ,47025 ,45466 ,217940 ,46678 
46938 ,48151 ,46332 ,227875 ,47631 
47631 ,48497 ,47111 ,237515 ,48497 
48497 ,50056 ,47977 ,258550 ,49709 
49363 ,49363 ,47977 ,331080 ,48410 
48237 ,49709 ,48237 ,229280 ,49363 
49623 ,49709 ,42521 ,1080125 ,42781 
45206 ,46851 ,44946 ,1011025 ,45206 
45985 ,45985 ,45033 ,410105 ,45726 
45293 ,45812 ,43474 ,522485 ,43820 
44253 ,44340 ,43820 ,274025 ,43820 
44340 ,44600 ,43474 ,268040 ,43647 
44513 ,45726 ,43734 ,260025 ,45639 
46418 ,46418 ,43907 ,295970 ,44340 
43907 ,44253 ,43474 ,284330 ,43734 
43647 ,44167 ,43301 ,216090 ,43474 
43994 ,43994 ,41915 ,365285 ,42348 
42348 ,43041 ,42088 ,212500 ,42954 
43041 ,43907 ,42088 ,287635 ,43647 
43647 ,43907 ,43214 ,260445 ,43301 
43734 ,43734 ,42781 ,128790 ,43301 
43561 ,43561 ,40443 ,473665 ,42175 
42262 ,45985 ,42175 ,415250 ,45466 
45726 ,45726 ,43301 ,349500 ,44513 
44513 ,44686 ,43474 ,478150 ,43820 
43907 ,45119 ,43474 ,472545 ,44773 
45293 ,46592 ,44860 ,410220 ,46505 
46332 ,46592 ,45639 ,216330 ,46332 
45899 ,46418 ,44860 ,193080 ,44860 
45552 ,46072 ,44946 ,289200 ,45206 
45552 ,45639 ,42781 ,358060 ,43301 
43907 ,44167 ,42954 ,281685 ,43128 
43214 ,43907 ,43128 ,159080 ,43647 
43301 ,43561 ,41829 ,349555 ,42695 
42608 ,42695 ,39664 ,909475 ,41482 
40703 ,41136 ,39750 ,410460 ,40010 
40010 ,40356 ,38971 ,266435 ,39144 
38798 ,38798 ,37585 ,577730 ,38711 
38624 ,40616 ,38191 ,395120 ,40530 
40443 ,40616 ,39490 ,117615 ,40183 
40703 ,40703 ,39404 ,143655 ,40356 
40703 ,42608 ,40270 ,287210 ,41309 
41136 ,41742 ,40963 ,161835 ,41309 
40789 ,42868 ,40789 ,286500 ,42348 
43041 ,44427 ,42695 ,446420 ,42868 
42954 ,43474 ,42348 ,280835 ,42608 
42608 ,43301 ,41309 ,262995 ,42088 
42088 ,43387 ,41742 ,192945 ,42175 
42435 ,43820 ,42175 ,255560 ,43387 
43301 ,43994 ,42608 ,135610 ,43301 
42781 ,43820 ,42781 ,180250 ,43041 
43041 ,43128 ,40876 ,198720 ,41222 
41222 ,41915 ,40876 ,236990 ,40876 
41222 ,41309 ,39490 ,271950 ,39750 
40530 ,41309 ,39923 ,264870 ,41136 
40703 ,42781 ,40703 ,232785 ,41829 
41915 ,42435 ,40270 ,296910 ,40356 
40530 ,41049 ,40010 ,238280 ,40703 
40876 ,42435 ,40530 ,209440 ,42175 
41742 ,43820 ,41742 ,253090 ,43301 
42868 ,43041 ,41396 ,268970 ,41569 
41829 ,42175 ,40616 ,189790 ,41049 
41049 ,41742 ,40703 ,122425 ,40876 
41136 ,41309 ,40703 ,89445 ,41136 
41136 ,41309 ,40356 ,134215 ,40356 
40356 ,40876 ,40270 ,214150 ,40356 
40356 ,42002 ,40356 ,223030 ,41742 
41136 ,41915 ,40963 ,114150 ,41482 
46317 ,46607 ,45350 ,142930 ,45350 
45543 ,46124 ,45350 ,110000 ,45350 
45543 ,48348 ,45253 ,249735 ,48154 
48638 ,51538 ,48638 ,511940 ,50958 
51055 ,51248 ,49991 ,242805 ,49991 
49991 ,50475 ,49411 ,189675 ,49798 
49798 ,50475 ,49798 ,195095 ,50185 
49895 ,50862 ,49411 ,188020 ,50572 
50572 ,51152 ,49895 ,189675 ,50281 
50378 ,50765 ,49895 ,217980 ,50088 
50572 ,50765 ,49411 ,272145 ,50281 
50185 ,50765 ,49895 ,121360 ,50185 
50668 ,51055 ,49605 ,203445 ,50475 
50765 ,52409 ,50765 ,318815 ,52119 
52505 ,52505 ,51442 ,197345 ,51732 
51925 ,54053 ,51925 ,279235 ,52699 
53279 ,53279 ,51925 ,117645 ,52505 
52892 ,52989 ,51345 ,129865 ,51635 
51635 ,51732 ,50378 ,97035 ,51248 
51829 ,52699 ,50378 ,174550 ,50475 
50378 ,50475 ,49314 ,217275 ,50185 
50185 ,50185 ,47381 ,320230 ,48348 
47574 ,48831 ,47574 ,346275 ,48251 
48154 ,49991 ,47767 ,392390 ,49508 
49798 ,50088 ,48057 ,212455 ,48251 
48348 ,49121 ,46510 ,298845 ,46704 
46994 ,51152 ,46897 ,768480 ,50185 
51442 ,54149 ,51055 ,1070550 ,54149 
54633 ,54729 ,52215 ,450750 ,53472 
53956 ,54439 ,52989 ,246900 ,53762 
54149 ,56180 ,53859 ,376640 ,55310 
56083 ,56083 ,55019 ,169730 ,55406 
54826 ,55213 ,53279 ,373710 ,53666 
53956 ,54536 ,52795 ,198055 ,54149 
53569 ,54149 ,52699 ,207555 ,53182 
52989 ,53086 ,52409 ,86770 ,52602 
52699 ,53762 ,52409 ,183980 ,52602 
52602 ,52699 ,52022 ,167170 ,52215 
52409 ,52796 ,52022 ,181745 ,52312 
52312 ,52892 ,51829 ,195800 ,52312 
52699 ,52699 ,50572 ,243190 ,51248 
51345 ,51829 ,50378 ,217750 ,51345 
51538 ,51732 ,49701 ,421950 ,49701 
49798 ,49798 ,46897 ,635910 ,47284 
46510 ,46897 ,45447 ,618390 ,46414 
46414 ,48638 ,45737 ,427775 ,47864 
48154 ,49314 ,47187 ,331680 ,47767 
47284 ,47767 ,46414 ,402825 ,47574 
47187 ,49121 ,46897 ,345105 ,48831 
48541 ,48734 ,47864 ,359885 ,48057 
48734 ,50765 ,48638 ,500580 ,49605 
49605 ,49798 ,48638 ,291210 ,49024 
49314 ,50572 ,49024 ,230920 ,49895 
50185 ,50765 ,49895 ,276995 ,50185 
50668 ,50668 ,48831 ,243715 ,49121 
49314 ,50572 ,49218 ,311040 ,50475 
50088 ,50281 ,49314 ,178785 ,49314 
49798 ,50572 ,48928 ,251040 ,48928 
48348 ,49895 ,48348 ,166305 ,49218 
49121 ,49121 ,47477 ,318105 ,48734 
49218 ,49701 ,48734 ,240925 ,49508 
50088 ,50088 ,48541 ,338085 ,49024 
49121 ,49991 ,48734 ,200795 ,48831 
48638 ,50185 ,48638 ,183225 ,50185 
50088 ,50185 ,49798 ,124370 ,49991 
49701 ,49895 ,46510 ,612220 ,47090 
47090 ,47284 ,44867 ,916845 ,45543 
45543 ,45640 ,44576 ,382265 ,44673 
44673 ,46027 ,44576 ,511085 ,44673 
44770 ,45157 ,43996 ,474515 ,44286 
44770 ,45447 ,44286 ,280220 ,44480 
44673 ,45737 ,44576 ,289740 ,44576 
44963 ,45447 ,44480 ,228075 ,45060 
44673 ,44770 ,43900 ,357275 ,44093 
44093 ,44286 ,43513 ,398035 ,43706 
43900 ,43996 ,43319 ,261935 ,43513 
43319 ,43513 ,42352 ,488860 ,42739 
42739 ,45060 ,42739 ,589720 ,44867 
44286 ,45253 ,44286 ,341905 ,44867 
44963 ,45543 ,44286 ,280710 ,45447 
45447 ,46027 ,44963 ,330920 ,45833 
45833 ,46800 ,45157 ,356925 ,46317 
46317 ,46897 ,45350 ,272740 ,46414 
45543 ,46027 ,44286 ,422050 ,44480 
44867 ,45060 ,43996 ,358210 ,44190 
43900 ,44286 ,43029 ,599865 ,43319 
43416 ,45253 ,43416 ,460430 ,44963 
45447 ,47961 ,45253 ,1067975 ,47574 
47284 ,47767 ,46317 ,465125 ,47574 
47961 ,48251 ,46800 ,306155 ,47767 
47767 ,48251 ,47187 ,314775 ,48251 
48251 ,48348 ,46607 ,329420 ,46704 
46800 ,46897 ,46124 ,238210 ,46317 
45833 ,47961 ,45833 ,420385 ,47090 
47187 ,47477 ,45833 ,269325 ,46220 
46704 ,47767 ,46027 ,328625 ,46897 
46994 ,48154 ,46994 ,397915 ,47671 
48057 ,49314 ,46994 ,489660 ,49121 
49121 ,51345 ,48831 ,599450 ,50765 
50958 ,51345 ,50378 ,325525 ,50668 
50668 ,51152 ,50281 ,199010 ,50958 
50572 ,51635 ,50088 ,279035 ,51538 
50572 ,50572 ,49024 ,551775 ,49895 
49895 ,50281 ,48541 ,293590 ,48541 
48928 ,49218 ,48348 ,298090 ,49024 
49024 ,49605 ,48541 ,207780 ,49314 
48831 ,49701 ,47961 ,370655 ,48251 
48541 ,48541 ,47477 ,369910 ,47477 
47574 ,48348 ,47574 ,134900 ,47767 
48154 ,49798 ,47961 ,324675 ,49701 
49314 ,50475 ,47961 ,308365 ,50281 
49895 ,50862 ,49314 ,251415 ,49314 
49121 ,50185 ,49024 ,115770 ,49508 
49605 ,51538 ,49605 ,319830 ,50378 
50475 ,51538 ,50378 ,140200 ,50475 
50281 ,50281 ,48734 ,160020 ,49121 
48541 ,50958 ,48541 ,234860 ,50088 
49605 ,50378 ,49121 ,198440 ,49991 
50088 ,50668 ,49121 ,151675 ,49314 
49314 ,49508 ,48831 ,127865 ,49024 
49024 ,49798 ,48734 ,128600 ,48831 
48638 ,50281 ,48541 ,278455 ,49895 
49798 ,49798 ,48831 ,162600 ,48831 
48831 ,49991 ,48734 ,183705 ,49798 
49798 ,49991 ,48831 ,170785 ,49218 
49024 ,49121 ,47671 ,120770 ,48444 
48057 ,48348 ,47574 ,175990 ,47574 
47381 ,48251 ,47090 ,187580 ,47381 
46994 ,47961 ,46414 ,168925 ,46607 
46607 ,47187 ,45543 ,204805 ,45640 
45543 ,45640 ,43996 ,365735 ,44383 
43803 ,46027 ,43706 ,282175 ,45157 
45833 ,45930 ,44867 ,176565 ,45640 
45640 ,46027 ,44770 ,112665 ,45543 
45543 ,47864 ,45543 ,364535 ,47381 
47477 ,47767 ,46317 ,131050 ,46317 
46510 ,46800 ,45640 ,152285 ,45737 
46124 ,46510 ,45640 ,293670 ,46027 
46414 ,46704 ,46027 ,151925 ,46414 
46800 ,47574 ,46414 ,156100 ,46607 
46317 ,46897 ,46220 ,145955 ,46800 
47090 ,48251 ,46897 ,237875 ,47961 
47961 ,48638 ,47381 ,191955 ,48444 
47767 ,51442 ,47767 ,574790 ,51345 
50958 ,53086 ,49605 ,387350 ,49605 
49991 ,51152 ,49798 ,191670 ,50378 
50088 ,50862 ,49024 ,186900 ,50765 
50088 ,51055 ,49411 ,211570 ,50862 
50572 ,51635 ,49605 ,240430 ,49701 
49701 ,50475 ,48928 ,155250 ,49121 
49121 ,50088 ,48734 ,224280 ,49798 
49024 ,51538 ,49024 ,261455 ,51442 
51152 ,52602 ,50281 ,374020 ,51925 
51635 ,52119 ,50765 ,157185 ,51732 
51829 ,51829 ,49605 ,293995 ,50185 
50668 ,50765 ,49024 ,289855 ,49314 
49218 ,49701 ,48348 ,229205 ,48541 
47961 ,48928 ,47961 ,168075 ,48348 
47767 ,48928 ,47767 ,125235 ,48734 
48734 ,49121 ,48154 ,73605 ,48348 
48348 ,48928 ,47961 ,121090 ,48734 
48541 ,49895 ,48348 ,231040 ,49798 
49605 ,50088 ,49121 ,76900 ,49314 
49701 ,50668 ,49314 ,108695 ,49605 
49701 ,49991 ,48928 ,116685 ,49314 
49701 ,49701 ,46800 ,642125 ,47671 
47574 ,47574 ,46124 ,291165 ,46317 
46414 ,47477 ,46317 ,191255 ,46414 
44867 ,46994 ,44867 ,108270 ,46027 
46317 ,46800 ,46124 ,169580 ,46124 
46124 ,46800 ,45157 ,294040 ,45640 
46124 ,46704 ,45640 ,261725 ,46124 
45737 ,46027 ,44093 ,529385 ,44286 
44286 ,44770 ,43319 ,328110 ,43609 
43706 ,44963 ,43609 ,260990 ,44480 
44963 ,44963 ,43900 ,213095 ,44480 
44093 ,44867 ,43996 ,207390 ,44286 
44576 ,45640 ,43900 ,175095 ,45157 
45060 ,46607 ,45060 ,169805 ,45737 
45543 ,47187 ,45543 ,236600 ,46897 
47187 ,47381 ,46510 ,165440 ,46994 
46607 ,47187 ,46317 ,275290 ,46607 
46220 ,46897 ,45447 ,121680 ,46414 
46414 ,46414 ,46414 ,0 ,46414 
49121 ,49411 ,48541 ,99320 ,49218 
48541 ,49701 ,47381 ,208235 ,49314 
49508 ,50088 ,48734 ,206430 ,49218 
49895 ,52312 ,49314 ,714040 ,52119 
51829 ,52796 ,51732 ,184455 ,52312 
51829 ,52505 ,50958 ,175660 ,52409 
51732 ,52796 ,50958 ,133835 ,52022 
52892 ,52892 ,51635 ,151195 ,52409 
51732 ,52409 ,50958 ,148665 ,51442 
52119 ,58404 ,52119 ,720870 ,57534 
57920 ,59467 ,56470 ,515940 ,56760 
56663 ,57727 ,55503 ,367635 ,57534 
57534 ,60531 ,56470 ,538475 ,60434 
60434 ,61015 ,59081 ,390770 ,59274 
59274 ,60144 ,58114 ,318685 ,58114 
58114 ,62465 ,57727 ,454390 ,62465 
60918 ,61691 ,59467 ,307970 ,60144 
63142 ,63819 ,61015 ,673975 ,61885 
62465 ,64592 ,61885 ,627855 ,63142 
61691 ,62948 ,61111 ,264845 ,61498 
62175 ,63335 ,61111 ,318035 ,61788 
62562 ,63045 ,61208 ,232085 ,62755 
61982 ,62562 ,61015 ,225610 ,62175 
61208 ,62272 ,60821 ,159325 ,61305 
60724 ,62175 ,56470 ,740985 ,58307 
58307 ,61691 ,58307 ,459845 ,61691 
61595 ,61788 ,59661 ,506215 ,60821 
60628 ,62948 ,60628 ,302045 ,61595 
61595 ,62272 ,60724 ,152205 ,61691 
61691 ,62562 ,60821 ,217290 ,61401 
61498 ,63142 ,61111 ,151465 ,61111 
62658 ,62658 ,60434 ,205675 ,60628 
60628 ,61885 ,60628 ,127275 ,61111 
61595 ,63142 ,61595 ,159275 ,62562 
62658 ,63142 ,61595 ,144830 ,62078 
62175 ,62852 ,61788 ,190595 ,62272 
62658 ,63142 ,61111 ,240280 ,62175 
62175 ,62948 ,61498 ,106840 ,61885 
62852 ,65172 ,62175 ,245660 ,63915 
63915 ,64399 ,62272 ,125250 ,64012 
63625 ,63819 ,62272 ,218250 ,63045 
63045 ,66623 ,63045 ,238690 ,65656 
65849 ,66526 ,64592 ,209810 ,64882 
64882 ,64882 ,62465 ,262905 ,62755 
62368 ,63625 ,60918 ,200545 ,61305 
60338 ,61015 ,57147 ,447110 ,58694 
58791 ,60338 ,58694 ,229705 ,58984 
59081 ,60241 ,59081 ,124465 ,59564 
60338 ,60434 ,58694 ,317880 ,58694 
58597 ,60048 ,57920 ,210215 ,60048 
59951 ,60918 ,59177 ,108700 ,59467 
58887 ,59467 ,58210 ,200655 ,58404 
58210 ,59564 ,58017 ,141760 ,58984 
59371 ,59467 ,58307 ,74075 ,58984 
58984 ,60531 ,58694 ,98855 ,60338 
58962 ,61615 ,58765 ,114520 ,60927 
60927 ,61419 ,60436 ,59135 ,60633 
59748 ,61713 ,59748 ,157900 ,60731 
60633 ,61320 ,57979 ,293675 ,58471 
59257 ,59257 ,57586 ,227975 ,57979 
57979 ,58864 ,57390 ,276290 ,57488 
57291 ,57488 ,55621 ,351250 ,55817 
55719 ,56603 ,55228 ,484990 ,56309 
56210 ,56210 ,54245 ,387225 ,54245 
54245 ,55031 ,52869 ,361025 ,52967 
53262 ,54933 ,51690 ,446085 ,54835 
54540 ,55129 ,53557 ,233125 ,54835 
54245 ,55228 ,53754 ,175555 ,54048 
54048 ,54933 ,53459 ,224840 ,54343 
54343 ,56603 ,54048 ,325400 ,55522 
55522 ,57193 ,55522 ,378960 ,56702 
56898 ,56898 ,55522 ,304990 ,56309 
56309 ,57291 ,55817 ,401925 ,56210 
56112 ,58372 ,56112 ,718480 ,57586 
56898 ,56997 ,53361 ,661930 ,54048 
54048 ,54245 ,53361 ,279855 ,53754 
54147 ,54638 ,53852 ,235970 ,54147 
54245 ,54540 ,53164 ,278785 ,54540 
54736 ,54736 ,53361 ,509040 ,54343 
54048 ,58078 ,53950 ,598710 ,56603 
57095 ,57881 ,54147 ,373930 ,54343 
54736 ,57095 ,53557 ,550600 ,56210 
53262 ,53459 ,44811 ,3288125 ,45990 
45499 ,46580 ,45008 ,984355 ,45401 
44418 ,45794 ,43534 ,645885 ,44320 
44615 ,45204 ,43534 ,406415 ,44221 
44811 ,47071 ,44615 ,988050 ,44811 
45008 ,46580 ,45008 ,441300 ,46285 
47170 ,47857 ,46776 ,308090 ,47071 
47071 ,47464 ,45892 ,189795 ,46089 
46285 ,48152 ,46285 ,355200 ,47857 
47956 ,48840 ,47268 ,374765 ,48644 
49037 ,49331 ,48447 ,227630 ,49233 
49430 ,49725 ,48742 ,192785 ,49626 
49135 ,50609 ,49135 ,238095 ,50019 
50118 ,50609 ,49233 ,247665 ,50609 
50118 ,50511 ,47563 ,375260 ,47563 
47170 ,48054 ,46875 ,141885 ,47071 
46875 ,47857 ,46383 ,181620 ,46482 
46089 ,46285 ,44418 ,524165 ,45008 
45499 ,45499 ,44713 ,332580 ,45008 
45302 ,46383 ,45106 ,323455 ,46187 
46482 ,46973 ,45892 ,218010 ,45990 
46089 ,46383 ,45008 ,292485 ,45204 
45302 ,46187 ,44615 ,389515 ,45499 
45696 ,45696 ,44320 ,264290 ,45008 
45106 ,45794 ,44909 ,182575 ,45106 
44811 ,45401 ,43927 ,244145 ,44909 
44320 ,44909 ,42944 ,403505 ,44713 
44615 ,45597 ,44615 ,161175 ,44811 
44909 ,47956 ,44909 ,710785 ,47071 
46187 ,46678 ,45008 ,352045 ,45106 
44713 ,46678 ,44713 ,352635 ,46187 
46973 ,48447 ,46089 ,348610 ,48054 
47563 ,47661 ,46089 ,524660 ,46678 
46580 ,47071 ,45204 ,727790 ,45302 
46089 ,46285 ,45204 ,246175 ,45597 
45597 ,48840 ,45597 ,548665 ,48251 
47956 ,49528 ,46383 ,383875 ,46482 
46776 ,48840 ,46776 ,345965 ,48545 
49430 ,49430 ,47268 ,328415 ,47661 
47857 ,48054 ,46875 ,309290 ,47071 
46875 ,47170 ,45892 ,174000 ,46383 
46776 ,47366 ,46187 ,173625 ,46776 
46482 ,46580 ,45990 ,379320 ,46187 
45696 ,46776 ,45696 ,191180 ,45794 
45794 ,45794 ,44615 ,293595 ,44811 
45401 ,46089 ,44909 ,198055 ,45008 
45302 ,45892 ,45106 ,158045 ,45106 
45302 ,45696 ,45008 ,286280 ,45204 
45401 ,46285 ,44909 ,275110 ,45106 
45204 ,45401 ,44320 ,310795 ,44418 
44615 ,45106 ,43927 ,137540 ,45106 
45597 ,45597 ,44418 ,160615 ,44615 
44516 ,44615 ,41470 ,562550 ,41568 
41372 ,43239 ,41372 ,543750 ,42551 
42256 ,44221 ,41077 ,655470 ,43927 
43337 ,44615 ,43337 ,380580 ,44615 
44615 ,44615 ,44615 ,0 ,44615 
44615 ,44615 ,44615 ,0 ,44615 
44615 ,44615 ,44615 ,0 ,44615 
44516 ,44958 ,43878 ,215006 ,44467 
44271 ,44713 ,42747 ,254620 ,44418 
43828 ,43976 ,42649 ,282573 ,42747 
43190 ,43484 ,42305 ,460404 ,43140 
43140 ,43239 ,41863 ,195496 ,41912 
41961 ,42403 ,40929 ,322932 ,41028 
40929 ,43583 ,40340 ,462180 ,43337 
42993 ,45794 ,42993 ,402992 ,45745 
45499 ,47268 ,44664 ,427400 ,46727 
46727 ,47071 ,44221 ,265171 ,45057 
44418 ,45548 ,43190 ,364721 ,43239 
43779 ,43878 ,41519 ,406852 ,41666 
41666 ,41666 ,39357 ,582775 ,39701 
40094 ,41126 ,39996 ,380684 ,40291 
40045 ,41224 ,40045 ,304010 ,40242 
40143 ,40340 ,38817 ,289553 ,39062 
39210 ,39750 ,37490 ,634059 ,37785 
38227 ,40782 ,38030 ,623473 ,40094 
40242 ,42649 ,40242 ,832347 ,42256 
42256 ,42256 ,40487 ,400556 ,40684 
40438 ,42207 ,40094 ,389599 ,42010 
42010 ,42010 ,39652 ,453623 ,39701 
39504 ,40192 ,38473 ,422289 ,38620 
38522 ,38571 ,37146 ,707830 ,37293 
37490 ,37785 ,36949 ,590473 ,37097 
37539 ,40192 ,37392 ,1228644 ,38669 
38620 ,39603 ,38030 ,603052 ,38178 
38424 ,39357 ,37392 ,439921 ,37490 
37687 ,38227 ,37097 ,393374 ,37687 
37539 ,37932 ,36507 ,537768 ,36949 
36458 ,36900 ,34886 ,927070 ,35869 
35525 ,37146 ,35525 ,411542 ,36802 
36212 ,38030 ,36212 ,495398 ,37539 
37146 ,38080 ,36360 ,479635 ,36458 
36606 ,37785 ,36212 ,484685 ,36949 
37343 ,37883 ,36704 ,392898 ,37736 
37736 ,37834 ,37097 ,225802 ,37441 
37441 ,38424 ,35279 ,394917 ,36016 
35967 ,36163 ,33510 ,561257 ,33559 
34394 ,35181 ,33805 ,590534 ,34984 
35033 ,38522 ,35033 ,910533 ,37932 
38080 ,39701 ,37441 ,415988 ,39505 
39504 ,40291 ,37883 ,384533 ,38227 
37588 ,38767 ,37588 ,321072 ,38325 
38325 ,39455 ,38178 ,289865 ,38767 
38767 ,39701 ,38030 ,279617 ,39357 
39062 ,41470 ,38964 ,499018 ,40684 
40389 ,41175 ,39652 ,220680 ,40192 
39848 ,40291 ,39111 ,194031 ,39455 
39455 ,41077 ,38767 ,256996 ,38964 
38915 ,40438 ,38276 ,436496 ,40242 
40291 ,41814 ,40242 ,515662 ,41126 
41519 ,41519 ,38424 ,828162 ,39013 
39111 ,39898 ,38571 ,197332 ,39161 
39308 ,39750 ,38030 ,390310 ,39111 
39652 ,42698 ,39652 ,1172103 ,40979 
40782 ,40782 ,39455 ,420482 ,40536 
40291 ,41322 ,39848 ,232516 ,41175 
41568 ,41716 ,40340 ,199717 ,40389 
40438 ,40438 ,38325 ,387022 ,38718 
38767 ,38817 ,37687 ,332553 ,38473 
38817 ,39848 ,38522 ,384812 ,38767 
38866 ,39013 ,38325 ,155303 ,38620 
38767 ,39406 ,38718 ,180995 ,38915 
38620 ,38817 ,38227 ,258121 ,38473 
38227 ,38473 ,37588 ,194323 ,37736 
37146 ,38080 ,36114 ,225081 ,36851 
37244 ,37244 ,36065 ,154798 ,36606 
36360 ,37097 ,35918 ,161933 ,37097 
37146 ,37687 ,36655 ,146106 ,36802 
36949 ,37932 ,36900 ,236722 ,37146 
36949 ,37637 ,36949 ,138598 ,37293 
37195 ,37195 ,36262 ,382454 ,36360 
36507 ,36655 ,35426 ,301946 ,35770 
35525 ,36311 ,35525 ,210602 ,35819 
35967 ,36212 ,35770 ,176464 ,35918 
36311 ,37244 ,36311 ,398236 ,36900 
36900 ,37097 ,36065 ,217214 ,36311 
36262 ,36458 ,34984 ,535743 ,35181 
35181 ,35574 ,34788 ,426193 ,35131 
35131 ,35426 ,34247 ,367874 ,34591 
34788 ,34935 ,34100 ,286320 ,34640 
34640 ,35475 ,34591 ,365572 ,34689 
34738 ,36262 ,34591 ,655113 ,35672 
36065 ,36606 ,35574 ,326203 ,35770 
35475 ,36311 ,35475 ,287300 ,35918 
36065 ,36114 ,34001 ,902967 ,34100 
34198 ,34542 ,33264 ,470691 ,33608 
33657 ,33657 ,32576 ,476181 ,32773 
32822 ,33805 ,32822 ,377455 ,33510 
33756 ,34051 ,33313 ,240661 ,33510 
33264 ,33756 ,32773 ,354282 ,33608 
33608 ,33805 ,33117 ,278671 ,33412 
33412 ,33559 ,33117 ,393186 ,33461 
33707 ,34296 ,33166 ,365197 ,34051 
34100 ,34788 ,34100 ,417608 ,34689 
34591 ,34788 ,33510 ,375049 ,33903 
33805 ,34100 ,32822 ,422211 ,32970 
32970 ,33019 ,31839 ,381719 ,31987 
31790 ,31938 ,28990 ,942866 ,29088 
29137 ,29776 ,28695 ,427234 ,29432 
29432 ,29628 ,29088 ,231192 ,29383 
29186 ,29628 ,27466 ,484854 ,27614 
26238 ,26975 ,26189 ,635022 ,26533 
26435 ,26877 ,26091 ,444292 ,26435 
26435 ,27221 ,25796 ,372252 ,26091 
26189 ,28498 ,26189 ,552957 ,27860 
27958 ,29235 ,27761 ,402036 ,29039 
28793 ,29432 ,27761 ,542334 ,28056 
27663 ,27909 ,26975 ,366837 ,27466 
27466 ,29235 ,27122 ,517255 ,29137 
28793 ,29088 ,26877 ,536177 ,27122 
27368 ,28990 ,27319 ,493793 ,28940 
28203 ,29137 ,26189 ,659882 ,28105 
27663 ,29235 ,27122 ,389800 ,28154 
28154 ,29039 ,26975 ,463918 ,27073 
28203 ,30562 ,27614 ,1438355 ,30316 
30071 ,30169 ,28990 ,668176 ,30021 
30218 ,31692 ,29481 ,640763 ,31397 
31594 ,32085 ,31496 ,389851 ,32036 
31446 ,31692 ,30906 ,305804 ,31446 
31299 ,31938 ,31102 ,217002 ,31889 
31643 ,31643 ,30562 ,282386 ,30660 
31004 ,31545 ,29579 ,323604 ,29874 
30071 ,30758 ,29284 ,343272 ,29825 
29825 ,29825 ,28105 ,399448 ,28498 
28400 ,29874 ,28007 ,299987 ,29579 
29628 ,29972 ,28744 ,180712 ,28990 
29628 ,30415 ,29530 ,168828 ,30021 
29874 ,30218 ,29383 ,241200 ,29678 
29530 ,29678 ,27466 ,720993 ,27712 
27368 ,28351 ,26779 ,382344 ,28351 
28302 ,28302 ,25992 ,780605 ,26140 
26091 ,26435 ,25747 ,400585 ,26189 
26091 ,26975 ,26091 ,299579 ,26582 
26729 ,28940 ,26729 ,849052 ,28744 
28842 ,29383 ,28253 ,343662 ,28891 
29088 ,30120 ,28400 ,352552 ,28547 
28547 ,29727 ,28498 ,411466 ,29284 
29727 ,30562 ,29678 ,349705 ,30464 
30758 ,30906 ,29481 ,315135 ,29727 
29284 ,29383 ,28154 ,480665 ,28498 
28695 ,29235 ,28203 ,297918 ,28891 
29137 ,29628 ,27909 ,395028 ,28056 
27516 ,28105 ,26729 ,337981 ,28105 
28105 ,28351 ,27417 ,172449 ,28105 
28351 ,30169 ,28302 ,567623 ,28990 
28990 ,29678 ,28842 ,456505 ,29481 
29579 ,30660 ,29088 ,422230 ,29628 
29628 ,30562 ,29186 ,284720 ,30415 
30267 ,30464 ,29923 ,204861 ,30464 
30660 ,31250 ,30071 ,484208 ,31053 
30857 ,31250 ,30169 ,289473 ,30758 
30857 ,30955 ,29579 ,252881 ,29776 
29874 ,30316 ,29579 ,226685 ,29923 
29334 ,29727 ,28105 ,392398 ,28400 
29150 ,29500 ,28600 ,287368 ,28950 
28950 ,29250 ,28750 ,212276 ,28950 
29050 ,29250 ,28600 ,246212 ,28850 
28850 ,29750 ,28350 ,320378 ,29350 
29100 ,30150 ,28900 ,360790 ,29700 
29950 ,30350 ,28750 ,430204 ,29800 
29400 ,29550 ,27100 ,1139022 ,27300 
27650 ,30100 ,27650 ,1300472 ,29600 
29650 ,30250 ,28300 ,610011 ,29900 
29900 ,30150 ,29300 ,174309 ,29450 
28900 ,30100 ,28900 ,258012 ,29850 
29850 ,32000 ,29850 ,930104 ,31550 
31850 ,32150 ,31250 ,403685 ,31600 
31500 ,31550 ,30200 ,571156 ,31000 
31300 ,33000 ,31100 ,929475 ,32950 
33200 ,34400 ,32450 ,992662 ,32600 
32750 ,33600 ,32200 ,570595 ,32550 
32250 ,33300 ,32100 ,409363 ,33150 
33050 ,33050 ,32400 ,321005 ,32500 
32400 ,32850 ,32150 ,360759 ,32500 
32950 ,33600 ,32500 ,536881 ,32800 
33000 ,33750 ,32550 ,567402 ,33500 
33500 ,33700 ,33000 ,431393 ,33200 
33650 ,34650 ,33550 ,536293 ,33950 
32950 ,32950 ,31050 ,1820409 ,31850 
31700 ,31750 ,30850 ,510768 ,31350 
31450 ,31450 ,30200 ,688103 ,30400 
30400 ,30800 ,30200 ,408759 ,30750 
30650 ,32350 ,30650 ,964386 ,32000 
32250 ,32750 ,31800 ,557389 ,32250 
32250 ,32350 ,31550 ,365380 ,32000 
32050 ,32250 ,31600 ,215059 ,31700 
31550 ,31700 ,30800 ,434986 ,31250 
31150 ,31400 ,30550 ,433199 ,30850 
30950 ,31850 ,30900 ,589899 ,31600 
31650 ,32100 ,31400 ,322396 ,31600 
31600 ,31800 ,31250 ,152760 ,31450 
31900 ,32950 ,31750 ,604353 ,32850 
32750 ,33800 ,32750 ,530160 ,33550 
33900 ,34500 ,33550 ,589558 ,34300 
34200 ,34200 ,32650 ,509205 ,32800 
33150 ,33800 ,32650 ,333518 ,33100 
33000 ,33600 ,32500 ,239960 ,33350 
33550 ,33900 ,33000 ,231055 ,33050 
33100 ,33100 ,31500 ,567841 ,31650 
31350 ,31600 ,30750 ,404354 ,31200 
31100 ,31100 ,30350 ,331598 ,30600 
30850 ,31550 ,30850 ,318614 ,31300 
31400 ,31600 ,31000 ,212556 ,31250 
31050 ,31400 ,30400 ,487389 ,30600 
30650 ,31000 ,30400 ,479057 ,30750 
30950 ,31650 ,30800 ,335355 ,31650 
31700 ,31750 ,31100 ,200707 ,31250 
31450 ,31450 ,30500 ,263868 ,30900 
30850 ,31150 ,30350 ,282351 ,30600 
30700 ,30800 ,30000 ,357646 ,30200 
29750 ,29850 ,28700 ,525142 ,28850 
29000 ,29400 ,28850 ,255607 ,29300 
29450 ,29450 ,28750 ,236525 ,29000 
28550 ,29100 ,28550 ,194971 ,28750 
28850 ,28900 ,28300 ,187628 ,28600 
28700 ,29450 ,28700 ,283899 ,29350 
29350 ,29550 ,29050 ,208406 ,29150 
29100 ,30200 ,29100 ,327873 ,30100 
30250 ,30900 ,30100 ,359941 ,30650 
30700 ,31500 ,30350 ,521854 ,31450 
31650 ,32000 ,31300 ,498218 ,31900 
32000 ,32850 ,31650 ,577249 ,32550 
32100 ,33950 ,31700 ,787197 ,33750 
34050 ,35300 ,33900 ,1175361 ,35150 
35150 ,36300 ,34650 ,874112 ,35050 
35050 ,35700 ,34450 ,470493 ,34550 
34400 ,35450 ,34300 ,467990 ,34850 
35100 ,37150 ,34900 ,815180 ,37100 
37250 ,39800 ,36450 ,1829473 ,36950 
37500 ,37750 ,36150 ,379814 ,36750 
36250 ,37050 ,35650 ,359863 ,36100 
35750 ,36900 ,35450 ,362653 ,36350 
36350 ,36550 ,34850 ,356607 ,35450 
35150 ,35350 ,34250 ,491108 ,34650 
34100 ,34100 ,31700 ,1451248 ,32000 
32250 ,34600 ,32050 ,671093 ,34550 
34750 ,34850 ,32800 ,652408 ,33400 
33100 ,33750 ,32200 ,436249 ,33550 
33250 ,33550 ,32550 ,254686 ,32650 
32000 ,32650 ,31600 ,334407 ,32450 
31600 ,32700 ,31600 ,203547 ,32200 
32200 ,32250 ,30900 ,461648 ,30900 
31200 ,31500 ,30150 ,360100 ,30900 
30600 ,31000 ,30350 ,163851 ,30750 
30400 ,30800 ,29700 ,423509 ,30050 
30150 ,31100 ,29850 ,329759 ,31100 
32400 ,32700 ,30600 ,560998 ,30800 
30900 ,31100 ,30050 ,291534 ,30150 
30200 ,30750 ,29950 ,251104 ,30100 
30000 ,30150 ,29550 ,234798 ,29750 
29900 ,30250 ,29350 ,289859 ,29550 
29700 ,30000 ,29250 ,191793 ,29600 
29300 ,29550 ,28850 ,319447 ,29150 
29100 ,29750 ,28950 ,230734 ,29500 
29550 ,30800 ,29100 ,568311 ,30000 
29950 ,30000 ,28600 ,400854 ,28850 
28900 ,29600 ,28700 ,213025 ,29400 
29400 ,29400 ,27800 ,595567 ,28500 
28150 ,28650 ,27950 ,288265 ,28550 
28550 ,29050 ,28400 ,380602 ,28600 
29200 ,29300 ,28900 ,240456 ,29050 
29100 ,29750 ,29100 ,232620 ,29350 
29900 ,30500 ,29850 ,337676 ,30350 
30750 ,30750 ,29850 ,285780 ,30150 
30450 ,30650 ,29300 ,435949 ,29450 
29500 ,29600 ,28800 ,423096 ,29450 
29500 ,29700 ,29050 ,220162 ,29250 
29150 ,29550 ,28850 ,206895 ,28950 
28950 ,29100 ,28800 ,135431 ,29000 
29350 ,29400 ,29000 ,176718 ,29150 
29200 ,29800 ,29000 ,274673 ,29550 
29600 ,29650 ,29000 ,240195 ,29000 
29000 ,29650 ,28950 ,215843 ,29400 
29450 ,29950 ,29200 ,256934 ,29350 
29350 ,29350 ,28750 ,259724 ,28800 
28800 ,29600 ,28800 ,246964 ,29200 
29150 ,29500 ,29000 ,209526 ,29500 
29850 ,30100 ,29300 ,286926 ,29850 
29650 ,29800 ,29400 ,155102 ,29700 
29400 ,29400 ,27850 ,1040925 ,28000 
28100 ,28150 ,26650 ,830968 ,27400 
27550 ,28750 ,27550 ,633142 ,28150 
28250 ,28900 ,27850 ,662255 ,28300 
28500 ,29450 ,28300 ,677065 ,28600 
28400 ,29100 ,28400 ,397231 ,28750 
28750 ,29350 ,28750 ,434523 ,28950 
28900 ,29750 ,28900 ,363139 ,29350 
29400 ,29700 ,28500 ,238296 ,28950 
28950 ,29250 ,28450 ,200140 ,28850 
28850 ,29250 ,28600 ,240836 ,29000 
28750 ,29350 ,28250 ,214561 ,28600 
28950 ,29100 ,28250 ,227620 ,28500 
28400 ,29200 ,28300 ,240269 ,29050 
29000 ,30200 ,28950 ,528092 ,29900 
29800 ,31500 ,29800 ,896800 ,31150 
31150 ,32150 ,30550 ,1048009 ,31800 
32700 ,35050 ,32400 ,2676141 ,34950 
34400 ,34600 ,33000 ,940687 ,33400 
33250 ,34750 ,33250 ,607037 ,34600 
34100 ,34400 ,33050 ,451677 ,33850 
33450 ,34700 ,33000 ,370619 ,34300 
33250 ,34500 ,33250 ,340937 ,34250 
34500 ,34800 ,33450 ,322883 ,33750 
33100 ,33500 ,31700 ,583722 ,33250 
33200 ,33650 ,32800 ,343438 ,33200 
33550 ,34950 ,33300 ,535852 ,34600 
34800 ,35850 ,33400 ,547987 ,33950 
33600 ,34200 ,32500 ,422735 ,32750 
32500 ,33800 ,32500 ,400964 ,33300 
33750 ,33800 ,32900 ,338720 ,33300 
33150 ,33200 ,32100 ,392966 ,32400 
32400 ,33100 ,31650 ,341323 ,33050 
32950 ,33000 ,32050 ,264458 ,32650 
32300 ,33000 ,31950 ,288641 ,32700 
32800 ,33350 ,32300 ,339256 ,33150 
32800 ,32950 ,32050 ,307109 ,32900 
32050 ,32650 ,31950 ,195212 ,32350 
32550 ,32600 ,31800 ,282131 ,31950 
32500 ,34500 ,32450 ,784508 ,34250 
34450 ,35000 ,33650 ,319751 ,33650 
34050 ,34400 ,33450 ,280672 ,34100 
34200 ,34900 ,33950 ,232506 ,34500 
34750 ,35000 ,34200 ,278841 ,34750 
35400 ,35700 ,34550 ,400254 ,35500 
35600 ,35700 ,34750 ,325643 ,35000 
35050 ,35400 ,34400 ,256906 ,34800 
34800 ,35100 ,33900 ,401192 ,34200 
34800 ,36150 ,34800 ,576461 ,35450 
35450 ,35950 ,34950 ,372412 ,35750 
36000 ,36300 ,35400 ,251777 ,36050 
35950 ,36100 ,35450 ,214377 ,35800 
36000 ,36100 ,35450 ,228533 ,35800 
35850 ,36300 ,35200 ,209738 ,35300 
35350 ,37050 ,35300 ,528557 ,37050 
37050 ,37600 ,36600 ,345306 ,37600 
36450 ,36500 ,33550 ,2507097 ,34900 
34700 ,36650 ,34450 ,916449 ,35750 
35800 ,36400 ,35000 ,369635 ,35100 
35450 ,35500 ,34350 ,300948 ,35300 
35400 ,36450 ,35000 ,323887 ,36200 
35950 ,36400 ,34800 ,311771 ,35050 
34550 ,34600 ,33500 ,569030 ,33650 
33650 ,33750 ,32350 ,558529 ,32800 
33000 ,33150 ,32450 ,276166 ,32700 
32950 ,34200 ,32750 ,387817 ,34050 
33500 ,33900 ,32800 ,336836 ,32800 
33200 ,33400 ,32800 ,228172 ,33200 
33600 ,33650 ,32750 ,284620 ,33600 
33650 ,34000 ,33450 ,222349 ,33950 
34000 ,34500 ,33400 ,224481 ,33800 
33900 ,34600 ,33900 ,240510 ,34050 
34550 ,34850 ,33700 ,389360 ,34700 
36750 ,36750 ,34750 ,536001 ,35050 
35200 ,35600 ,34800 ,317359 ,35350 
35400 ,35500 ,34000 ,344746 ,34100 
34150 ,34750 ,34050 ,446296 ,34150 
35300 ,35300 ,34200 ,537057 ,34950 
35150 ,36100 ,35150 ,327036 ,35900 
36050 ,36500 ,35700 ,215600 ,35950 
35900 ,36150 ,35250 ,228668 ,35950 
35800 ,36000 ,35250 ,149375 ,35800 
35450 ,36400 ,35350 ,211897 ,36050 
36200 ,36800 ,36100 ,228357 ,36350 
36200 ,36500 ,35400 ,183345 ,35800 
35750 ,36050 ,35050 ,239685 ,35700 
35450 ,35750 ,35100 ,218405 ,35500 
35900 ,36700 ,35550 ,372965 ,36250 
36100 ,36600 ,35550 ,189007 ,35850 
36000 ,37250 ,35850 ,354947 ,37100 
37100 ,38450 ,37100 ,377742 ,37700 
37250 ,37750 ,36900 ,156627 ,37500 
37400 ,38150 ,36250 ,313609 ,37050 
36900 ,37050 ,34400 ,776461 ,34950 
34950 ,35400 ,34200 ,357320 ,35250 
34700 ,35350 ,34300 ,237202 ,34900 
34900 ,35150 ,34350 ,171475 ,34600 
34800 ,35300 ,34750 ,123423 ,35300 
35100 ,35400 ,34450 ,244257 ,35200 
35450 ,35600 ,34700 ,142927 ,35450 
35200 ,35300 ,34850 ,119443 ,35000 
35300 ,35300 ,34500 ,181772 ,34750 
34700 ,35400 ,34100 ,193540 ,35100 
35050 ,35450 ,34700 ,254328 ,35250 
34850 ,35350 ,34450 ,161571 ,35350 
35150 ,35700 ,34900 ,208359 ,35300 
35600 ,36100 ,35550 ,228392 ,35800 
35800 ,35950 ,34800 ,223954 ,35250 
34900 ,35500 ,34900 ,73286 ,35300 
35500 ,36750 ,35400 ,333119 ,36750 
37000 ,37900 ,36700 ,513213 ,37150 
37150 ,37350 ,36250 ,254806 ,36250 
36000 ,36400 ,35650 ,147075 ,36300 
36200 ,36400 ,35700 ,178695 ,36050 
36000 ,36200 ,35500 ,142132 ,35700 
35800 ,35800 ,35400 ,127314 ,35700 
35750 ,35850 ,34900 ,220148 ,35350 
35350 ,35400 ,34550 ,194195 ,34750 
34650 ,34900 ,34300 ,161579 ,34800 
34500 ,34900 ,34350 ,131841 ,34700 
34500 ,34950 ,34300 ,149331 ,34700 
34550 ,35400 ,34450 ,220708 ,35200 
35450 ,35450 ,34900 ,146404 ,34900 
34950 ,35050 ,33450 ,377485 ,33950 
33900 ,33900 ,32900 ,175663 ,32950 
33100 ,33700 ,33100 ,127382 ,33300 
33150 ,33150 ,32100 ,180383 ,32350 
32600 ,33050 ,32350 ,175593 ,32800 
32550 ,33600 ,32200 ,266361 ,32750 
32750 ,33250 ,32500 ,199984 ,32950 
33450 ,34350 ,33150 ,530291 ,34150 
34350 ,34400 ,33650 ,214867 ,34200 
34300 ,36000 ,34200 ,556760 ,35300 
35250 ,35450 ,34650 ,261418 ,35050 
35100 ,35700 ,35100 ,287889 ,35450 
35450 ,36250 ,35450 ,304528 ,35750 
36100 ,36300 ,35450 ,289844 ,36300 
36350 ,39400 ,36350 ,1373755 ,39000 
37700 ,38350 ,35200 ,1162582 ,35650 
36300 ,37250 ,35800 ,550026 ,36300 
36150 ,36800 ,34150 ,677811 ,34400 
34650 ,35150 ,33550 ,419471 ,33550 
32550 ,33500 ,31350 ,605955 ,33300 
33400 ,34700 ,33400 ,476575 ,33750 
34050 ,34900 ,33500 ,467531 ,34000 
35500 ,36150 ,34800 ,672359 ,35500 
35450 ,36100 ,34500 ,338872 ,35400 
35000 ,35100 ,33950 ,375453 ,34400 
34600 ,35350 ,34050 ,443908 ,34800 
34700 ,36350 ,34650 ,489878 ,36200 
36200 ,36200 ,35300 ,358730 ,35450 
35450 ,35700 ,34850 ,294399 ,35100 
35050 ,36250 ,34350 ,457502 ,36250 
36250 ,37350 ,35300 ,593247 ,35350 
35700 ,36150 ,34800 ,389097 ,35250 
35250 ,35650 ,33550 ,578587 ,33900 
33350 ,33700 ,32650 ,400633 ,32850 
32000 ,32350 ,31200 ,390551 ,31750 
31700 ,32450 ,31650 ,355223 ,32300 
31700 ,32300 ,31200 ,228756 ,32200 
32200 ,32350 ,31450 ,197488 ,31650 
31000 ,31200 ,29350 ,537608 ,29800 
29750 ,30300 ,29050 ,329357 ,29750 
30250 ,30750 ,29500 ,338238 ,29650 
29500 ,30150 ,29150 ,272987 ,30100 
30350 ,30500 ,29450 ,562477 ,29650 
29250 ,29250 ,28050 ,562969 ,28650 
28650 ,28650 ,28650 ,0 ,28650 
26400 ,27350 ,26400 ,490601 ,27150 
27250 ,27400 ,25950 ,445062 ,26350 
26000 ,26000 ,23700 ,927134 ,24300 
20600 ,22700 ,20150 ,1345807 ,22100 
22300 ,22700 ,20850 ,562763 ,21200 
19500 ,21600 ,19500 ,474147 ,21600 
21500 ,21900 ,20100 ,492058 ,20150 
20150 ,20800 ,16950 ,638573 ,17350 
17350 ,18600 ,16500 ,836084 ,18400 
16900 ,17250 ,16200 ,491309 ,16950 
17300 ,17900 ,16850 ,804501 ,17800 
18700 ,21450 ,18550 ,1077339 ,21250 
21400 ,21950 ,20050 ,932405 ,21150 
22350 ,22400 ,19950 ,713996 ,21100 
20100 ,20600 ,19550 ,562936 ,20400 
20800 ,21000 ,20050 ,624238 ,20700 
20500 ,21900 ,20350 ,644412 ,21100 
20950 ,21800 ,20000 ,433246 ,21550 
21400 ,21700 ,21050 ,295678 ,21550 
21500 ,23500 ,21250 ,573131 ,23400 
23750 ,25000 ,23550 ,617519 ,24300 
23900 ,24300 ,23200 ,451915 ,23600 
24400 ,25950 ,24000 ,1159857 ,25700 
26000 ,27150 ,24750 ,864795 ,25700 
25450 ,25450 ,24000 ,515665 ,24350 
24400 ,24800 ,24150 ,445373 ,24550 
24000 ,24500 ,23500 ,395888 ,24300 
24700 ,25500 ,24600 ,609915 ,25300 
25500 ,25700 ,25050 ,299214 ,25300 
25050 ,25150 ,23600 ,473443 ,24350 
23600 ,23950 ,23100 ,605709 ,23650 
23950 ,24100 ,23600 ,370030 ,23700 
23400 ,23450 ,22800 ,448488 ,22800 
22950 ,23450 ,22850 ,419058 ,23350 
23450 ,23650 ,23050 ,407340 ,23200 
23200 ,24250 ,23200 ,560473 ,23650 
23100 ,23150 ,22650 ,311781 ,23000 
23300 ,23400 ,22900 ,348842 ,23100 
22900 ,23000 ,22650 ,290291 ,22950 
22950 ,24700 ,22950 ,816975 ,24700 
24750 ,25600 ,24700 ,884998 ,25100 
24950 ,25000 ,23800 ,553106 ,24050 
23350 ,24300 ,23250 ,301707 ,24300 
24300 ,24300 ,23050 ,456204 ,23500 
23600 ,23650 ,23150 ,285051 ,23450 
23550 ,23650 ,23000 ,262003 ,23450 
24350 ,27000 ,24200 ,2334798 ,26600 
26100 ,26550 ,25500 ,732897 ,26400 
26750 ,27200 ,26400 ,706367 ,26600 
26350 ,26400 ,25100 ,699663 ,25350 
25400 ,26050 ,25050 ,368792 ,26050 
26100 ,27350 ,25700 ,841715 ,27300 
27700 ,27900 ,27150 ,552341 ,27400 
27700 ,28100 ,25850 ,638089 ,26700 
26200 ,27100 ,25850 ,401450 ,26650 
26500 ,27450 ,26300 ,363028 ,27000 
26850 ,27200 ,26550 ,519750 ,26950 
27750 ,28750 ,27400 ,1129134 ,28050 
28450 ,28650 ,27300 ,644908 ,27800 
27650 ,27950 ,27350 ,440753 ,27900 
28350 ,28800 ,27850 ,627219 ,28600 
28800 ,29100 ,27900 ,463737 ,28200 
28100 ,28200 ,27200 ,473295 ,27550 
27250 ,27650 ,26800 ,474844 ,27050 
25200 ,25800 ,25000 ,966801 ,25500 
25050 ,25050 ,23200 ,850666 ,23200 
23800 ,24600 ,23550 ,560726 ,24600 
24450 ,24600 ,24000 ,304552 ,24550 
24450 ,24800 ,24050 ,343477 ,24150 
24450 ,24600 ,23700 ,387005 ,23900 
23600 ,23750 ,23200 ,322126 ,23400 
23700 ,24250 ,23250 ,486398 ,23350 
23600 ,24600 ,23500 ,637670 ,24050 
23500 ,23600 ,23050 ,603397 ,23100 
23350 ,23400 ,23000 ,290939 ,23200 
22750 ,22950 ,22000 ,475873 ,22200 
22550 ,22700 ,22250 ,436125 ,22350 
22600 ,22700 ,22000 ,440965 ,22150 
22200 ,22500 ,22200 ,358297 ,22500 
22600 ,23000 ,22350 ,328840 ,22550 
22700 ,23700 ,22400 ,510357 ,23450 
23700 ,23700 ,22900 ,371441 ,23200 
23200 ,23450 ,22850 ,324173 ,23250 
23300 ,23550 ,22700 ,451556 ,22700 
22750 ,22750 ,22050 ,364850 ,22300 
22500 ,23200 ,22350 ,352856 ,23050 
22900 ,23450 ,22600 ,347085 ,23400 
23800 ,25000 ,23700 ,1077349 ,24200 
